{"cameraMode":{"drawMode":0,"name":"Shaded","section":"Shading Mode"},"sceneLighting":true,"audioPlay":false,"sceneViewState":{"m_AlwaysRefresh":false,"showFog":true,"showSkybox":true,"showFlares":true,"showImageEffects":true,"showParticleSystems":true,"showVisualEffectGraphs":true,"m_FxEnabled":false},"in2DMode":false,"pivot":{"x":209.14352416992188,"y":8.30150318145752,"z":-143.68521118164063},"rotation":{"x":0.034797992557287219,"y":0.9640103578567505,"z":-0.13857458531856538,"w":0.22872358560562135},"size":7.822518348693848,"orthographic":false}