{"cameraMode":{"drawMode":0,"name":"Shaded","section":"Shading Mode"},"sceneLighting":true,"audioPlay":false,"sceneViewState":{"m_AlwaysRefresh":false,"showFog":true,"showSkybox":true,"showFlares":true,"showImageEffects":true,"showParticleSystems":true,"showVisualEffectGraphs":true,"m_FxEnabled":false},"in2DMode":false,"pivot":{"x":-30.113204956054689,"y":191.41200256347657,"z":-117.96441650390625},"rotation":{"x":-0.16740573942661286,"y":-0.8314144611358643,"z":0.36417821049690249,"w":-0.38598158955574038},"size":57.746036529541019,"orthographic":false}