{"cameraMode":{"drawMode":0,"name":"Shaded","section":"Shading Mode"},"sceneLighting":false,"audioPlay":false,"sceneViewState":{"m_AlwaysRefresh":false,"showFog":true,"showSkybox":false,"showFlares":true,"showImageEffects":true,"showParticleSystems":true,"showVisualEffectGraphs":true,"m_FxEnabled":true},"in2DMode":false,"pivot":{"x":0.08681994676589966,"y":0.526959240436554,"z":-0.11217737197875977},"rotation":{"x":-0.17490755021572114,"y":0.0008829509606584907,"z":-0.00015752225590404123,"w":-0.9845959544181824},"size":0.8920190334320068,"orthographic":false}